"variant","index","species_code","fia_code","plants_symbol","common_name"
"acd",1,"BF","012","ABBA","BALSAM FIR"
"acd",2,"TA","071","LALA","TAMARACK"
"acd",3,"WS","094","PIGL","WHITE SPRUCE"
"acd",4,"RS","097","PIRU","RED SPRUCE"
"acd",5,"NS","091","PIAB","NORWAY SPRUCE"
"acd",6,"BS","095","PIMA","BLACK SPRUCE"
"acd",7,"PI","090","PICEA","OTHER SPRUCE SPECIES"
"acd",8,"RN","125","PIRE","RED PINE"
"acd",9,"WP","129","PIST","EASTERN WHITE PINE"
"acd",10,"LP","131","PITA","LOBLOLLY PINE"
"acd",11,"VP","132","PIVI2","VIRGINIA PINE"
"acd",12,"WC","241","THOC2","NORTHERN WHITE CEDAR"
"acd",13,"AW","043","CHTH2","ATLANTIC WHITE CEDAR"
"acd",14,"RC","068","JUVI","EASTERN REDCEDAR"
"acd",15,"OC","057","JUNIP","OTHER CEDAR SPECIES"
"acd",16,"EH","261","TSCA","EASTERN HEMLOCK"
"acd",17,"HM","260","TSUGA","OTHER HEMLOCK SPECIES"
"acd",18,"OP","100","PINUS","OTHER PINE SPECIES"
"acd",19,"JP","105","PIBA2","JACK PINE"
"acd",20,"SP","110","PIEC2","SHORLEAF PINE"
"acd",21,"TM","123","PIPU5","TABLE MOUNTAIN PINE"
"acd",22,"PP","126","PIRI","PITCH PINE"
"acd",23,"PD","128","PISE","POND PINE"
"acd",24,"SC","130","PISY","SCOTCH PINE"
"acd",25,"OS","298","2TE","OTHER SOFTWOOD SPECIES"
"acd",26,"RM","316","ACRU","RED MAPLE"
"acd",27,"SM","318","ACSA3","SUGAR MAPLE"
"acd",28,"BM","314","ACNI5","BLACK MAPLE"
"acd",29,"SV","317","ACSA2","SILVER MAPLE"
"acd",30,"YB","371","BEAL2","YELLOW BIRCH"
"acd",31,"SB","372","BELE","SWEET BIRCH"
"acd",32,"RB","373","BENI","RIVER BIRCH"
"acd",33,"PB","375","BEPA","PAPER BIRCH"
"acd",34,"GB","379","BEPO","GRAY BIRCH"
"acd",35,"HI","400","CARYA","HICKORY SPECIES"
"acd",36,"PH","403","CAGL8","PIGNUT HICKORY"
"acd",37,"SL","405","CALA21","SHELLBARK HICKORY"
"acd",38,"SH","407","CAOV2","SHAGBARK HICKORY"
"acd",39,"MH","409","CAAL27","MOCKERNUT HICKORY"
"acd",40,"AB","531","FAGR","AMERICAN BEECH"
"acd",41,"AS","540","FRAXI","ASH SPECIES"
"acd",42,"WA","541","FRAM2","WHITE ASH"
"acd",43,"BA","543","FRNI","BLACK ASH"
"acd",44,"GA","544","FRPE","GREEN ASH"
"acd",45,"PA","545","FRPR","PUMPKIN ASH"
"acd",46,"YP","621","LITU","YELLOW-POPLAR"
"acd",47,"SU","611","LIST2","SWEETGUM"
"acd",48,"CT","651","MAAC","CUCUMBERTREE"
"acd",49,"QA","746","POTR5","QUAKING ASPEN"
"acd",50,"BP","741","POBA2","BALSAM POPLAR"
"acd",51,"EC","742","PODE3","EASTERN COTTONWOOD"
"acd",52,"BT","743","POGR4","BIGTOOTH ASPEN"
"acd",53,"PY","744","POHE4","SWAMP COTTONWOOD"
"acd",54,"BC","762","PRSE2","BLACK CHERRY"
"acd",55,"WO","802","QUAL","WHITE OAK"
"acd",56,"BR","823","QUMA2","BUR OAK"
"acd",57,"CK","826","QUMU","CHINKAPIN OAK"
"acd",58,"PO","835","QUST","POST OAK"
"acd",59,"OK","800","QUERC","OTHER OAK SPECIES"
"acd",60,"SO","806","QUCO2","SCARLET OAK"
"acd",61,"QI","817","QUIM","SHINGLE OAK"
"acd",62,"WK","827","QUNI","WATER OAK"
"acd",63,"PN","830","QUPA2","PIN OAK"
"acd",64,"CO","832","QUPR2","CHESTNUT OAK"
"acd",65,"SW","804","QUBI","SWAMP WHITE OAK"
"acd",66,"SN","825","QUMI","SWAMP CHESTNUT OAK"
"acd",67,"RO","833","QURU","NORTHERN RED OAK"
"acd",68,"SK","812","QUFA","SOUTHERN RED OAK"
"acd",69,"BO","837","QUVE","BLACK OAK"
"acd",70,"CB","813","QUPA5","CHERRYBARK OAK"
"acd",71,"OH","998","2TD","OTHER HARDWOOD SPECIES"
"acd",72,"BU","330","AESCU","BUCKEYE SPECIES"
"acd",73,"YY","332","AEFL","YELLOW BUCKEYE"
"acd",74,"WR","374","BEOC2","WATER BIRCH"
"acd",75,"HK","462","CEOC","HACKBERRY"
"acd",76,"PS","521","DIVI5","COMMON PERSIMMON"
"acd",77,"HY","591","ILOP","AMERICAN HOLLY"
"acd",78,"BN","601","JUCI","BUTTERNUT"
"acd",79,"WN","602","JUNI","BLACK WALNUT"
"acd",80,"OO","641","MAPO","OSAGE-ORANGE"
"acd",81,"MG","650","MAGNO","MAGNOLIA SPECIES"
"acd",82,"MV","653","MAVI2","SWEETBAY"
"acd",83,"AP","660","MALUS","APPLE SPECIES"
"acd",84,"WT","691","NYAQ2","WATER TUPELO"
"acd",85,"BG","693","NYSY","BLACKGUM"
"acd",86,"SD","711","OXAR","SOURWOOD"
"acd",87,"PW","712","PATO2","PAULOWNIA"
"acd",88,"SY","731","PLOC","SYCAMORE"
"acd",89,"WL","831","QUPH","WILLOW OAK"
"acd",90,"BK","901","ROPS","BLACK LOCUST"
"acd",91,"BL","922","SANI","BLACK WILLOW"
"acd",92,"SS","931","SAAL5","SASSAFRAS"
"acd",93,"BW","951","TIAM","AMERICAN BASSWOOD"
"acd",94,"WB","952","TIAMH","WHITE BASSWOOD"
"acd",95,"EL","970","ULMUS","OTHER ELM SPECIES"
"acd",96,"AE","972","ULAM","AMERICAN ELM"
"acd",97,"RL","975","ULRU","SLIPPERY ELM"
"acd",98,"NC","999","2TREE","NON-COMMERCIAL HARDWOOD SPECIES"
"acd",99,"BE","313","ACNE2","BOXELDER"
"acd",100,"ST","315","ACPE","STRIPED MAPLE"
"acd",101,"AI","341","AIAL","AILANTHUS"
"acd",102,"SE","356","AMELA","SERVICEBERRY"
"acd",103,"AH","391","CACA18","AMERICAN HORNBEAM"
"acd",104,"DW","491","COFL2","FLOWERING DOGWOOD"
"acd",105,"HT","500","CRATA","HAWTHORN SPECIES"
"acd",106,"HH","701","OSVI","EASTERN HOPHORNBEAM"
"acd",107,"PL","760","PRUNU","PLUMS, CHERRIES"
"acd",108,"PR","761","PRPE2","PIN CHERRY"
"ak",1,"SF","011","ABAM",NA
"ak",2,"AF","019","ABLA",NA
"ak",3,"YC","042","CANO9",NA
"ak",4,"TA","071","LALA",NA
"ak",5,"WS","094","PIGL",NA
"ak",6,"LS","","PILU",NA
"ak",7,"BE","095","PIMA",NA
"ak",8,"SS","098","PISI",NA
"ak",9,"LP","108","PICO",NA
"ak",10,"RC","242","THPL",NA
"ak",11,"WH","263","TSHE",NA
"ak",12,"MH","264","TSME",NA
"ak",13,"OS","299","2TN",NA
"ak",14,"AD","350","ALNUS",NA
"ak",15,"RA","351","ALRU2",NA
"ak",16,"PB","375","BEPA",NA
"ak",17,"AB","376","BENE4",NA
"ak",18,"BA","741","POBA2",NA
"ak",19,"AS","746","POTR5",NA
"ak",20,"CW","747","POBAT",NA
"ak",21,"WI","920","SALIX",NA
"ak",22,"SU","928","SASC",NA
"ak",23,"OH","998","2TB",NA
"bm",1,"WP","119","PIMO3",NA
"bm",2,"WL","073","LAOC",NA
"bm",3,"DF","202","PSME",NA
"bm",4,"GF","017","ABGR",NA
"bm",5,"MH","264","TSME",NA
"bm",6,"WJ","064","JUOC",NA
"bm",7,"LP","108","PICO",NA
"bm",8,"ES","093","PIEN",NA
"bm",9,"AF","019","ABLA",NA
"bm",10,"PP","122","PIPO",NA
"bm",11,"WB","101","PIAL",NA
"bm",12,"LM","113","PIFL2",NA
"bm",13,"PY","231","TABR2",NA
"bm",14,"YC","042","CANO9",NA
"bm",15,"AS","746","POTR5",NA
"bm",16,"CW","747","POBAT",NA
"bm",17,"OS","299","2TN",NA
"bm",18,"OH","998","2TB",NA
"ca",1,"PC","041","CHLA","PORT ORFORD CEDAR"
"ca",2,"IC","081","CADE27","INCENSE CEDAR"
"ca",3,"RC","242","THPL","WESTERN REDCEDAR"
"ca",4,"WF","015","ABCO","WHITE FIR"
"ca",5,"RF","020","ABMA","CALIFORNIA RED FIR"
"ca",6,"SH","021","ABSH","SHASTA RED FIR"
"ca",7,"DF","202","PSME","DOUGLAS-FIR"
"ca",8,"WH","263","TSHE","WESTERN HEMLOCK"
"ca",9,"MH","264","TSME","MOUNTAIN HEMLOCK"
"ca",10,"WB","101","PIAL","WHITEBARK PINE"
"ca",11,"KP","103","PIAT","KNOBCONE PINE"
"ca",12,"LP","108","PICO","LODGEPOLE PINE"
"ca",13,"CP","109","PICO3","COULTER PINE"
"ca",14,"LM","113","PIFL2","LIMBER PINE"
"ca",15,"JP","116","PIJE","JEFFREY PINE"
"ca",16,"SP","117","PILA","SUGAR PINE"
"ca",17,"WP","119","PIMO3","WESTERN WHITE PINE"
"ca",18,"PP","122","PIPO","PONDEROSA PINE"
"ca",19,"MP","124","PIRA2","MONTEREY PINE"
"ca",20,"GP","127","PISA2","CALIFORNIA FOOTHILL PINE"
"ca",21,"WJ","064","JUOC","WESTERN JUNIPER"
"ca",22,"BR","092","PIBR","BREWER SPRUCE"
"ca",23,"GS","212","SEGI2","GIANT SEQUOIA"
"ca",24,"PY","231","TABR2","PACIFIC YEW"
"ca",25,"OS","299","2TN","OTHER SOFTWOOD"
"ca",26,"LO","801","QUAG","CALIFORNIA LIVE OAK"
"ca",27,"CY","805","QUCH2","CANYON LIVE OAK"
"ca",28,"BL","807","QUDO","BLUE OAK"
"ca",29,"EO","811","QUEN","ENGELMANN OAK"
"ca",30,"WO","815","QUGA4","OREGON WHITE OAK"
"ca",31,"BO","818","QUKE","CALIFORNIA BLACK OAK"
"ca",32,"VO","821","QULO","VALLEY OAK"
"ca",33,"IO","839","QUWI2","INTERIOR LIVE OAK"
"ca",34,"BM","312","ACMA3","BIGLEAF MAPLE"
"ca",35,"BU","333","AECA","CALIFORNIA BUCKEYE"
"ca",36,"RA","351","ALRU2","RED ALDER"
"ca",37,"MA","361","ARME","PACIFIC MADRONE"
"ca",38,"GC","431","CHCHC4","GIANT CHINQUAPIN"
"ca",39,"DG","492","CONU4","PACIFIC DOGWOOD"
"ca",40,"FL","542","FRLA","OREGON ASH"
"ca",41,"WN","600","JUGLA","WALNUT"
"ca",42,"TO","631","LIDE3","TANOAK"
"ca",43,"SY","730","PLRA","CALIFORNIA SYCAMORE"
"ca",44,"AS","746","POTR5","QUAKING ASPEN"
"ca",45,"CW","747","POBAT","BLACK COTTONWOOD"
"ca",46,"WI","920","SALIX","WILLOW"
"ca",47,"CN","251","TOCA","CALIFORNIA NUTMEG"
"ca",48,"CL","981","UMCA","CALIFORNIA LAUREL"
"ca",49,"OH","998","2TB","OTHER HARDWOOD"
"ca",50,"RW","211","SESE3","REDWOOD"
"bc",1,"PW","119","PIMO3",NA
"bc",2,"LW","073","LAOC",NA
"bc",3,"FD","202","PSME",NA
"bc",4,"BG","017","ABGR",NA
"bc",5,"HW","263","TSHE",NA
"bc",6,"CW","242","THPL","COTTONWOOD"
"bc",7,"PL","108","PICO",NA
"bc",8,"SE","093","PIEN",NA
"bc",9,"BL","019","ABLA",NA
"bc",10,"PY","122","PIPO",NA
"bc",11,"EP","375","BEPA",NA
"bc",12,"AT","746","POTR5",NA
"bc",13,"AC","747","POBAT",NA
"bc",14,"OC","202","SOFT","OTHER CONIFER"
"bc",15,"OH","376","HARD","OTHER HARDWOOD"
"on",1,"PJ","105","PIBA2","JACK PINE NATURAL"
"on",2,"PS","130","PISY","SCOTCH PINE"
"on",3,"RN","125","PIRE","RED PINE NATURAL"
"on",4,"RP","125","PIRE","PLANTED RED PINE"
"on",5,"PW","129","PIST","EASTERN WHITE PINE NATURAL"
"on",6,"SW","094","PIGL","WHITE SPRUCE NATURAL"
"on",7,"SN","091","PIAB","NORWAY SPRUCE"
"on",8,"BF","012","ABBA","BALSAM FIR"
"on",9,"SB","095","PIMA","BLACK SPRUCE NATURAL"
"on",10,"TA","071","LALA","TAMARACK"
"on",11,"CE","241","THOC2","NORTHERN WHITE-CEDAR"
"on",12,"HE","261","TSCA","EASTERN HEMLOCK"
"on",13,"SO","298","2TE","OTHER SOFTWOOD SPECIES"
"on",14,"CR","068","JUVI","EASTERN REDCEDAR"
"on",15,"AB","543","FRNI","BLACK ASH"
"on",16,"AR","544","FRPE","GREEN ASH"
"on",17,"CW","742","PODE3","EASTERN COTTONWOOD"
"on",18,"MV","317","ACSA2","SILVER MAPLE"
"on",19,"MR","316","ACRU","RED MAPLE"
"on",20,"CB","762","PRSE2","BLACK CHERRY"
"on",21,"EW","972","ULAM","AMERICAN ELM"
"on",22,"ES","975","ULRU","SLIPPERY ELM"
"on",23,"ER","977","ULTH","ROCK ELM"
"on",24,"BY","371","BEAL2","YELLOW BIRCH"
"on",25,"BD","951","TIAM","AMERICAN BASSWOOD"
"on",26,"MH","318","ACSA3","SUGAR MAPLE"
"on",27,"MB","314","ACNI5","BLACK MAPLE"
"on",28,"BE","531","FAGR","AMERICAN BEECH"
"on",29,"AW","541","FRAM2","WHITE ASH"
"on",30,"OW","802","QUAL","WHITE OAK"
"on",31,"OP","804","QUBI","SWAMP WHITE OAK"
"on",32,"OB","823","QUMA2","BUR OAK"
"on",33,"OC","826","QUMU","CHINKAPIN OAK"
"on",34,"OR","833","QURU","NORTHERN RED OAK"
"on",35,"BO","837","QUVE","BLACK OAK"
"on",36,"PN","809","QUEL","NORTHERN PIN OAK"
"on",37,"HB","402","CACO15","BITTERNUT HICKORY"
"on",38,"HP","403","CAGL8","PIGNUT HICKORY"
"on",39,"HU","407","CAOV2","SHAGBARK HICKORY"
"on",40,"PG","743","POGR4","LARGETOOTH ASPEN"
"on",41,"PT","746","POTR5","TREMBLING ASPEN"
"on",42,"PB","741","POBA2","BALSAM POPLAR"
"on",43,"BW","375","BEPA","PAPER BIRCH"
"on",44,"CH","","","COMMERCIAL HARDWOOD SPECIES"
"on",45,"BT","601","JUCI","BUTTERNUT"
"on",46,"WB","602","JUNI","BLACK WALNUT"
"on",47,"IW","701","OSVI","IRONWOOD"
"on",48,"LB","901","ROPS","BLACK LOCUST"
"on",49,"NC","","","NON-COMMERCIAL HARDWOOD SPECIES"
"on",50,"MM","313","ACNE2","BOXELDER"
"on",51,"MS","315","ACPE","STRIPED MAPLE"
"on",52,"MT","319","ACSP2","MOUNTAIN MAPLE"
"on",53,"BB","391","CACA18","AMERICAN HORNBEAM"
"on",54,"CA","421","CADE12","AMERICAN CHESTNUT"
"on",55,"BH","462","CEOC","HACKBERRY"
"on",56,"DF","491","COFL2","FLOWERING DOGWOOD"
"on",57,"HT","500","CRATA","HAWTHORN SPECIES"
"on",58,"ML","660","MALUS","APPLE SPECIES"
"on",59,"GB","693","NYSY","BLACKGUM"
"on",60,"SY","731","PLOC","SYCAMORE"
"on",61,"CP","761","PRPE2","PIN CHERRY"
"on",62,"CC","763","PRVI","CHOKECHERRY"
"on",63,"PL","760","PRUNU","PLUMS, CHERRIES"
"on",64,"WI","920","SALIX","WILLOW SPECIES"
"on",65,"WI","922","SANI","WILLOW SPECIES"
"on",66,"WI","923","SAERF","WILLOW SPECIES"
"on",67,"SS","931","SAAL5","SASSAFRAS"
"on",68,"AM","935","SOAM3","AMERICAN MOUNTAIN ASH"
"on",69,"JP","105","PIBA2","PLANTED JACK PINE"
"on",70,"WP","129","PIST","PLANTED WHITE PINE"
"on",71,"SP","094","PIGL","PLANTED WHITE SPRUCE"
"on",72,"BP","095","PIMA","PLANTED BLACK SPRUCE"
"ci",1,"WP","119","PIMO3","WESTERN WHITE PINE"
"ci",2,"WL","073","LAOC","WESTERN LARCH"
"ci",3,"DF","202","PSME","DOUGLAS-FIR"
"ci",4,"GF","017","ABGR","GRAND FIR"
"ci",5,"WH","263","TSHE","WESTERN HEMLOCK"
"ci",6,"RC","242","THPL","WESTERN REDCEDAR"
"ci",7,"LP","108","PICO","LODGEPOLE PINE"
"ci",8,"ES","093","PIEN","ENGLEMANN SPRUCE"
"ci",9,"AF","019","ABLA","SUBALPINE FIR"
"ci",10,"PP","122","PIPO","PONDEROSA PINE"
"ci",11,"WB","101","PIAL","WHITEBARK PINE"
"ci",12,"PY","231","TABR2","PACIFIC YEW"
"ci",13,"AS","746","POTR5","QUAKING ASPEN"
"ci",14,"WJ","064","JUOC","WESTERN JUNIPER"
"ci",15,"MC","475","CELE3","CURL-LEAF MOUNTAIN MAHOGANY"
"ci",16,"LM","113","PIFL2","LIMBER PINE"
"ci",17,"CW","747","POBAT","BLACK COTTONWOOD"
"ci",18,"OS","299","2TN","OTHER SOFTWOOD"
"ci",19,"OH","998","2TB","OTHER HARDWOOD"
"cr",1,"AF","019","ABLA",NA
"cr",2,"CB","018","ABLAA",NA
"cr",3,"DF","202","PSME",NA
"cr",4,"GF","017","ABGR",NA
"cr",5,"WF","015","ABCO",NA
"cr",6,"MH","264","TSME",NA
"cr",7,"RC","242","THPL",NA
"cr",8,"WL","073","LAOC",NA
"cr",9,"BC","102","PIAR",NA
"cr",10,"LM","113","PIFL2",NA
"cr",11,"LP","108","PICO",NA
"cr",12,"PI","106","PIED",NA
"cr",13,"PP","122","PIPO",NA
"cr",14,"WB","101","PIAL",NA
"cr",15,"SW","114","PIST3",NA
"cr",16,"UJ","065","JUOS",NA
"cr",17,"BS","096","PIPU",NA
"cr",18,"ES","093","PIEN",NA
"cr",19,"WS","094","PIGL",NA
"cr",20,"AS","746","POTR5",NA
"cr",21,"NC","749","POAN3",NA
"cr",22,"PW","745","PODEM",NA
"cr",23,"GO","814","QUGA",NA
"cr",24,"AW","803","QUAR",NA
"cr",25,"EM","810","QUEM",NA
"cr",26,"BK","823","QUMA2",NA
"cr",27,"SO","843","QUHY",NA
"cr",28,"PB","375","BEPA",NA
"cr",29,"AJ","063","JUDE2",NA
"cr",30,"RM","066","JUSC2",NA
"cr",31,"OJ","069","JUMO",NA
"cr",32,"ER","068","JUVI",NA
"cr",33,"PM","133","PIMO",NA
"cr",34,"PD","134","PIDI3",NA
"cr",35,"AZ","143","PIMOF",NA
"cr",36,"CI","118","PILE",NA
"cr",37,"OS","299","2TN",NA
"cr",38,"OH","998","2TB",NA
"cs",1,"RC","068","JUVI","EASTERN REDCEDAR"
"cs",2,"JU","057","JUNIP","JUNIPER"
"cs",3,"SP","110","PIEC2","SHORTLEAF PINE"
"cs",4,"VP","132","PIVI2","VIRGINIA PINE"
"cs",5,"LP","131","PITA","LOBLOLLY PINE"
"cs",6,"OS","299","2TN","OTHER SOFTWOOD"
"cs",7,"WP","129","PIST","EASTERN WHITE PINE"
"cs",8,"WN","602","JUNI","BLACK WALNUT"
"cs",9,"BN","601","JUCI","BUTTERNUT"
"cs",10,"TL","690","NYSSA","TUPELO"
"cs",11,"TS","694","NYBI","SWAMP TUPELO"
"cs",12,"WT","691","NYAQ2","WATER TUPELO"
"cs",13,"BG","693","NYSY","BLACKGUM"
"cs",14,"","","",NA
"cs",15,"SH","407","CAOV2","SHAGBARK HICKORY"
"cs",16,"SL","405","CALA21","SHELLBARK HICKORY"
"cs",17,"MH","409","CAAL27","MOCKERNUT HICKORY"
"cs",18,"PH","403","CAGL8","PIGNUT HICKORY"
"cs",19,"HI","400","CARYA","HICKORY"
"cs",20,"WH","401","CAAQ2","WATER HICKORY"
"cs",21,"BH","402","CACO15","BITTERNUT HICKORY"
"cs",22,"PE","404","CAIL2","PECAN"
"cs",23,"BI","408","CATE9","BLACK HICKORY"
"cs",24,"AB","531","FAGR","AMERICAN BEECH"
"cs",25,"BA","543","FRNI","BLACK ASH"
"cs",26,"PA","545","FRPR","PUMPKIN ASH"
"cs",27,"UA","546","FRQU","BLUE ASH"
"cs",28,"EC","742","PODE3","EASTERN COTTONWOOD"
"cs",29,"RM","316","ACRU","RED MAPLE"
"cs",30,"BE","313","ACNE2","BOXELDER"
"cs",31,"SV","317","ACSA2","SILVER MAPLE"
"cs",32,"BC","762","PRSE2","BLACK CHERRY"
"cs",33,"AE","972","ULAM","AMERICAN ELM"
"cs",34,"SG","461","CELA","SUGARBERRY"
"cs",35,"HK","462","CEOC","COMMON HACKBERRY"
"cs",36,"WE","971","ULAL","WINGED ELM"
"cs",37,"EL","970","ULMUS","ELM"
"cs",38,"SI","974","ULPU","SIBERIAN ELM"
"cs",39,"RL","975","ULRU","SLIPPERY"
"cs",40,"RE","977","ULTH","ROCK ELM"
"cs",41,"YP","621","LITU","TULIPTREE"
"cs",42,"BW","951","TIAM","AMERICAN BASSWOOD"
"cs",43,"SM","318","ACSA3","SUGAR MAPLE"
"cs",44,"AS","540","FRAXI","ASH"
"cs",45,"WA","541","FRAM2","WHITE ASH"
"cs",46,"GA","544","FRPE","GREEN ASH"
"cs",47,"WO","802","QUAL","WHITE OAK"
"cs",48,"RO","833","QURU","NORTHERN RED OAK"
"cs",49,"SK","812","QUFA","SOUTHERN RED OAK"
"cs",50,"BO","837","QUVE","BLACK OAK"
"cs",51,"SO","806","QUCO2","SCARLET OAK"
"cs",52,"BJ","824","QUMA3","BLACKJACK OAK"
"cs",53,"CK","826","QUMU","CHINKAPIN OAK"
"cs",54,"SW","804","QUBI","SWAMP WHITE OAK"
"cs",55,"BR","823","QUMA2","BUR OAK"
"cs",56,"SN","825","QUMI","SWAMP CHESTNUT OAK"
"cs",57,"PO","835","QUST","POST OAK"
"cs",58,"DO","836","QUSI2","BOTTOMLAND POST OAK"
"cs",59,"CO","832","QUPR2","CHESTNUT OAK"
"cs",60,"PN","830","QUPA2","PIN OAK"
"cs",61,"CB","813","QUPA5","CHERRYBARK OAK"
"cs",62,"QI","817","QUIM","SHINGLE OAK"
"cs",63,"OV","822","QULY","OVERCUP OAK"
"cs",64,"WK","827","QUNI","WATER OAK"
"cs",65,"NK","828","QUNU","NUTTALL OAK"
"cs",66,"WL","831","QUPH","WILLOW OAK"
"cs",67,"QS","834","QUSH","SHUMARD'S OAK"
"cs",68,"","","",NA
"cs",69,"SS","931","SAAL5","SASSAFRAS"
"cs",70,"OB","331","AEGL","OHIO BUCKEYE"
"cs",71,"CA","450","CATAL","CATALPA"
"cs",72,"PS","521","DIVI5","COMMON PERSIMMON"
"cs",73,"HL","552","GLTR","HONEYLOCUST"
"cs",74,"BP","741","POBA2","BALSAM POPLAR"
"cs",75,"BT","743","POGR4","BIGTOOTH ASPEN"
"cs",76,"QA","746","POTR5","QUAKING ASPEN"
"cs",77,"BK","901","ROPS","BLACK LOCUST"
"cs",78,"","","",NA
"cs",79,"SY","731","PLOC","SYCAMORE"
"cs",80,"BY","221","TADI2","BALD CYPRESS"
"cs",81,"RB","373","BENI","RIVER BIRCH"
"cs",82,"SU","611","LIST2","SWEETGUM"
"cs",83,"WI","920","SALIX","WILLOW"
"cs",84,"BL","922","SANI","BLACK WILLOW"
"cs",85,"OH","998","2TB","OTHER HARDWOOD"
"cs",86,"AH","391","CACA18","AMERICAN HORNBEAM"
"cs",87,"RD","471","CECA4","EASTERN REDBUD"
"cs",88,"DW","491","COFL2","FLOWERING DOGWOOD"
"cs",89,"HT","500","CRATA","HAWTHORN"
"cs",90,"KC","571","GYDI","KENTUCKY COFFEETREE"
"cs",91,"OO","641","MAPO","OSAGE-ORANGE"
"cs",92,"CT","651","MAAC","CUCUMBER TREE"
"cs",93,"MV","653","MAVI2","SWEETBAY"
"cs",94,"MB","680","MORUS","MULBERRY"
"cs",95,"HH","701","OSVI","HOPHORNBEAM"
"cs",96,"SD","711","OXAR","SOURWOOD"
"ec",1,"WP","119","PIMO3","WESTERN WHITE PINE"
"ec",2,"WL","073","LAOC","WESTERN LARCH"
"ec",3,"DF","202","PSME","DOUGLAS-FIR"
"ec",4,"SF","011","ABAM","PACIFIC SILVER FIR"
"ec",5,"RC","242","THPL","WESTERN REDCEDAR"
"ec",6,"GF","017","ABGR","GRAND FIR"
"ec",7,"LP","108","PICO","LODGEPOLE PINE"
"ec",8,"ES","093","PIEN","ENGELMANN SPRUCE"
"ec",9,"AF","019","ABLA","SUBALPINE FIR"
"ec",10,"PP","122","PIPO","PONDEROSA PINE"
"ec",11,"WH","263","TSHE","WESTERN HEMLOCK"
"ec",12,"MH","264","TSME","MOUNTAIN HEMLOCK"
"ec",13,"PY","231","TABR2","PACIFIC YEW"
"ec",14,"WB","101","PIAL","WHITEBARK PINE"
"ec",15,"NF","022","ABPR","NOBLE FIR"
"ec",16,"WF","015","ABCO","WHITE FIR"
"ec",17,"LL","072","LALY","SUBALPINE LARCH"
"ec",18,"YC","042","CANO9","ALASKA CEDAR"
"ec",19,"WJ","064","JUOC","WESTERN JUNIPER"
"ec",20,"BM","312","ACMA3","BIGLEAF MAPLE"
"ec",21,"VN","324","ACCI","VINE MAPLE"
"ec",22,"RA","351","ALRU2","RED ALDER"
"ec",23,"PB","375","BEPA","PAPER BIRCH"
"ec",24,"GC","431","CHCHC4","GIANT CHINQUAPIN"
"ec",25,"DG","492","CONU4","PACIFIC DOGWOOD"
"ec",26,"AS","746","POTR5","QUAKING ASPEN"
"ec",27,"CW","747","POBAT","BLACK COTTONWOOD"
"ec",28,"WO","815","QUGA4","OREGON WHITE OAK"
"ec",29,"PL","760","PRUNU","PLUM"
"ec",30,"WI","920","SALIX","WILLOW"
"ec",31,"OS","299","2TN","OTHER SOFTWOOD"
"ec",32,"OH","998","2TB","OTHER HARDWOOD"
"em",1,"WB","101","PIAL",NA
"em",2,"WL","073","LAOC",NA
"em",3,"DF","202","PSME",NA
"em",4,"LM","113","PIFL2",NA
"em",5,"LL","072","LALY",NA
"em",6,"RM","066","JUSC2",NA
"em",7,"LP","108","PICO",NA
"em",8,"ES","093","PIEN",NA
"em",9,"AF","019","ABLA",NA
"em",10,"PP","122","PIPO",NA
"em",11,"GA","544","FRPE",NA
"em",12,"AS","746","POTR5",NA
"em",13,"CW","747","POBAT",NA
"em",14,"BA","741","POBA2",NA
"em",15,"PW","745","PODEM",NA
"em",16,"NC","749","POAN3",NA
"em",17,"PB","375","BEPA",NA
"em",18,"OS","299","2TN",NA
"em",19,"OH","998","2TB",NA
"ie",1,"WP","119","PIMO3","WESTERN WHITE PINE"
"ie",2,"WL","073","LAOC","WESTERN LARCH"
"ie",3,"DF","202","PSME","DOUGLAS-FIR"
"ie",4,"GF","017","ABGR","GRAND FIR"
"ie",5,"WH","263","TSHE","WESTERN HEMLOCK"
"ie",6,"RC","242","THPL","WESTERN REDCEDAR"
"ie",7,"LP","108","PICO","LODGEPOLE PINE"
"ie",8,"ES","093","PIEN","ENGLEMAN SPRUCE"
"ie",9,"AF","019","ABLA","SUBALPINE FIR"
"ie",10,"PP","122","PIPO","PONDEROSA PINE"
"ie",11,"MH","264","TSME","MOUNTAIN HEMLOCK"
"ie",12,"WB","101","PIAL","WHITEBARK PINE"
"ie",13,"LM","113","PIFL2","LIMBER PINE"
"ie",14,"LL","072","LALY","SUBALPINE LARCH"
"ie",15,"PM","133","PIMO","SINGLELEAF PINYON"
"ie",16,"RM","066","JUSC2","ROCKY MOUNTAIN JUNIPER"
"ie",17,"PY","231","TABR2","PACIFIC YEW"
"ie",18,"AS","746","POTR5","QUAKING ASPEN"
"ie",19,"CO","740","POPUL","COTTONWOOD"
"ie",20,"MM","321","ACGL","MOUNTAIN MAPLE"
"ie",21,"PB","375","BEPA","PAPER BIRCH"
"ie",22,"OH","998","2TB","OTHER HARDWOODS"
"ie",23,"OS","299","2TN","OTHER SOFTWOODS"
"kt",1,"WP","119","PIMO3","WESTERN WHITE PINE"
"kt",2,"WL","073","LAOC","WESTERN LARCH"
"kt",3,"DF","202","PSME","DOUGLAS-FIR"
"kt",4,"GF","017","ABGR","GRAND FIR"
"kt",5,"WH","263","TSHE","WESTERN HEMLOCK"
"kt",6,"RC","242","THPL","WESTERN REDCEDAR"
"kt",7,"LP","108","PICO","LODGEPOLE PINE"
"kt",8,"ES","093","PIEN","ENGLEMAN SPRUCE"
"kt",9,"AF","019","ABLA","SUBALPINE FIR"
"kt",10,"PP","122","PIPO","PONDEROSA PINE"
"kt",11,"OT","999","2TREE","OTHER"
"ls",1,"JP","105","PIBA2","JACK PINE"
"ls",2,"SC","130","PISY","SCOTS PINE"
"ls",3,"RN","125","PIRE","RED PINE NATURAL"
"ls",4,"RP","125","PIRE","RED PINE PLANTATION"
"ls",5,"WP","129","PIST","EASTERN WHITE PINE"
"ls",6,"WS","094","PIGL","WHITE SPRUCE"
"ls",7,"NS","091","PIAB","NORWAY SPRUCE"
"ls",8,"BF","012","ABBA","BALSAM FIR"
"ls",9,"BS","095","PIMA","BLACK SPRUCE"
"ls",10,"TA","071","LALA","TAMARACK"
"ls",11,"WC","241","THOC2","ARBORVITAE"
"ls",12,"EH","261","TSCA","EASTERN HEMLOCK"
"ls",13,"OS","299","2TN","OTHER SOFTWOOD"
"ls",14,"RC","068","JUVI","EASTERN REDCEDAR"
"ls",15,"BA","543","FRNI","BLACK ASH"
"ls",16,"GA","544","FRPE","GREEN ASH"
"ls",17,"EC","742","PODE3","EASTERN COTTONWOOD"
"ls",18,"SV","317","ACSA2","SILVER MAPLE"
"ls",19,"RM","316","ACRU","RED MAPLE"
"ls",20,"BC","762","PRSE2","BLACK CHERRY"
"ls",21,"AE","972","ULAM","AMERICAN ELM"
"ls",22,"RL","975","ULRU","SLIPPERY ELM"
"ls",23,"RE","977","ULTH","ROCK ELM"
"ls",24,"YB","371","BEAL2","YELLOW BIRCH"
"ls",25,"BW","951","TIAM","AMERICAN BASSWOOD"
"ls",26,"SM","318","ACSA3","SUGAR MAPLE"
"ls",27,"BM","314","ACNI5","BLACK MAPLE"
"ls",28,"AB","531","FAGR","AMERICAN BEECH"
"ls",29,"WA","541","FRAM2","WHITE ASH"
"ls",30,"WO","802","QUAL","WHITE OAK"
"ls",31,"SW","804","QUBI","SWAMP WHITE OAK"
"ls",32,"BR","823","QUMA2","BUR OAK"
"ls",33,"CK","826","QUMU","CHINKAPIN OAK"
"ls",34,"RO","833","QURU","NORTHERN RED OAK"
"ls",35,"BO","837","QUVE","BLACK OAK"
"ls",36,"NP","809","QUEL","NORTHERN PIN OAK"
"ls",37,"BH","402","CACO15","BITTERNUT HICKORY"
"ls",38,"PH","403","CAGL8","PIGNUT HICKORY"
"ls",39,"SH","407","CAOV2","SHAGBARK HICKORY"
"ls",40,"BT","743","POGR4","BIGTOOTH ASPEN"
"ls",41,"QA","746","POTR5","QUAKING ASPEN"
"ls",42,"BP","741","POBA2","BALSAM POPLAR"
"ls",43,"PB","375","BEPA","PAPER BIRCH"
"ls",44,"","","",NA
"ls",45,"BN","601","JUCI","BUTTERNUT"
"ls",46,"WN","602","JUNI","BLACK WALNUT"
"ls",47,"HH","701","OSVI","HOPHORNBEAM"
"ls",48,"BK","901","ROPS","BLACK LOCUST"
"ls",49,"OH","998","2TB","OTHER HARDWOOD"
"ls",50,"BE","313","ACNE2","BOXELDER"
"ls",51,"ST","315","ACPE","STRIPED MAPLE"
"ls",52,"MM","319","ACSP2","MOUNTAIN MAPLE"
"ls",53,"AH","391","CACA18","AMERICAN HORNBEAM"
"ls",54,"AC","421","CADE12","AMERICAN CHESTNUT"
"ls",55,"HK","462","CEOC","COMMON HACKBERRY"
"ls",56,"DW","491","COFL2","FLOWERING DOGWOOD"
"ls",57,"HT","500","CRATA","HAWTHORN"
"ls",58,"AP","660","MALUS","APPLE"
"ls",59,"BG","693","NYSY","BLACKGUM"
"ls",60,"SY","731","PLOC","AMERICAN SYCAMORE"
"ls",61,"PR","761","PRPE2","PIN CHERRY"
"ls",62,"CC","763","PRVI","CHOKECHERRY"
"ls",63,"PL","760","PRUNU","PLUMS"
"ls",64,"WI","920","SALIX","WILLOW"
"ls",65,"BL","922","SANI","BLACK WILLOW"
"ls",66,"DM","923","SAERF","MISSOURI RIVER WILLOW"
"ls",67,"SS","931","SAAL5","SASSAFRAS"
"ls",68,"MA","935","SOAM3","AMERICAN MOUNTAIN ASH"
"nc",1,"OS","299","2TN","OTHER SOFTWOOD"
"nc",2,"SP","117","PILA","SUGAR PINE"
"nc",3,"DF","202","PSME","DOUGLAS-FIR"
"nc",4,"WF","015","ABCO","WHITE FIR"
"nc",5,"MA","361","ARME","MADRONE"
"nc",6,"IC","081","CADE27","INCENSE CEDAR"
"nc",7,"BO","818","QUKE","CALIFORNIA BLACK OAK"
"nc",8,"TO","631","LIDE3","TANOAK"
"nc",9,"RF","020","ABMA","RED FIR"
"nc",10,"PP","122","PIPO","PONDEROSA PINE"
"nc",11,"OH","998","2TB","OTHER HARDWOOD"
"nc",12,"RW","211","SESE3","REDWOOD"
"ne",1,"BF","012","ABBA","BALSAM FIR"
"ne",2,"TA","071","LALA","TAMARACK"
"ne",3,"WS","094","PIGL","WHITE SPRUCE"
"ne",4,"RS","097","PIRU","RED SPRUCE"
"ne",5,"NS","091","PIAB","NORWAY SPRUCE"
"ne",6,"BS","095","PIMA","BLACK SPRUCE"
"ne",7,"PI","090","PICEA","SPRUCE"
"ne",8,"RN","125","PIRE","RED PINE"
"ne",9,"WP","129","PIST","EASTERN WHITE PINE"
"ne",10,"LP","131","PITA","LOBLOLLY PINE"
"ne",11,"VP","132","PIVI2","VIRGINIA PINE"
"ne",12,"WC","241","THOC2","ARBORVITAE"
"ne",13,"AW","043","CHTH2","ATLANTIC WHITE CEDAR"
"ne",14,"RC","068","JUVI","EASTERN REDCEDAR"
"ne",15,"JU","057","JUNIP","JUNIPER"
"ne",16,"EH","261","TSCA","EASTERN HEMLOCK"
"ne",17,"HM","260","TSUGA","HEMLOCK"
"ne",18,"OP","100","PINUS","PINE"
"ne",19,"JP","105","PIBA2","JACK PINE"
"ne",20,"SP","110","PIEC2","SHORLEAF PINE"
"ne",21,"TM","123","PIPU5","TABLE MOUNTAIN PINE"
"ne",22,"PP","126","PIRI","PITCH PINE"
"ne",23,"PD","128","PISE","POND PINE"
"ne",24,"SC","130","PISY","SCOTCH PINE"
"ne",25,"OS","299","2TN","OTHER SOFTWOOD"
"ne",26,"RM","316","ACRU","RED MAPLE"
"ne",27,"SM","318","ACSA3","SUGAR MAPLE"
"ne",28,"BM","314","ACNI5","BLACK MAPLE"
"ne",29,"SV","317","ACSA2","SILVER MAPLE"
"ne",30,"YB","371","BEAL2","YELLOW BIRCH"
"ne",31,"SB","372","BELE","SWEET BIRCH"
"ne",32,"RB","373","BENI","RIVER BIRCH"
"ne",33,"PB","375","BEPA","PAPER BIRCH"
"ne",34,"GB","379","BEPO","GRAY BIRCH"
"ne",35,"HI","400","CARYA","HYBRID HICKORY"
"ne",36,"PH","403","CAGL8","PIGNUT HICKORY"
"ne",37,"SL","405","CALA21","SHELLBARK HICKORY"
"ne",38,"SH","407","CAOV2","SHAGBARK HICKORY"
"ne",39,"MH","409","CAAL27","MOCKERNUT HICKORY"
"ne",40,"AB","531","FAGR","AMERICAN BEECH"
"ne",41,"AS","540","FRAXI","ASH"
"ne",42,"WA","541","FRAM2","WHITE ASH"
"ne",43,"BA","543","FRNI","BLACK ASH"
"ne",44,"GA","544","FRPE","GREEN ASH"
"ne",45,"PA","545","FRPR","PUMPKIN ASH"
"ne",46,"YP","621","LITU","TULIPTREE"
"ne",47,"SU","611","LIST2","SWEETGUM"
"ne",48,"CT","651","MAAC","CUCUMBER TREE"
"ne",49,"QA","746","POTR5","QUAKING ASPEN"
"ne",50,"BP","741","POBA2","BALSAM POPLAR"
"ne",51,"EC","742","PODE3","EASTERN COTTONWOOD"
"ne",52,"BT","743","POGR4","BIGTOOTH ASPEN"
"ne",53,"PY","744","POHE4","SWAMP COTTONWOOD"
"ne",54,"BC","762","PRSE2","BLACK CHERRY"
"ne",55,"WO","802","QUAL","WHITE OAK"
"ne",56,"BR","823","QUMA2","BUR OAK"
"ne",57,"CK","826","QUMU","CHINKAPIN OAK"
"ne",58,"PO","835","QUST","POST OAK"
"ne",59,"OK","800","QUERC","OAK"
"ne",60,"SO","806","QUCO2","SCARLET OAK"
"ne",61,"QI","817","QUIM","SHINGLE OAK"
"ne",62,"WK","827","QUNI","WATER OAK"
"ne",63,"PN","830","QUPA2","PIN OAK"
"ne",64,"CO","832","QUPR2","CHESTNUT OAK"
"ne",65,"SW","804","QUBI","SWAMP WHITE OAK"
"ne",66,"SN","825","QUMI","SWAMP CHESTNUT OAK"
"ne",67,"RO","833","QURU","NORTHERN RED OAK"
"ne",68,"SK","812","QUFA","SOUTHERN RED OAK"
"ne",69,"BO","837","QUVE","BLACK OAK"
"ne",70,"CB","813","QUPA5","CHERRYBARK OAK"
"ne",71,"","","",NA
"ne",72,"BU","330","AESCU","BUCKEYE"
"ne",73,"YY","332","AEFL","YELLOW BUCKEYE"
"ne",74,"WR","374","BEOC2","WATER BIRCH"
"ne",75,"HK","462","CEOC","COMMON HACKBERRY"
"ne",76,"PS","521","DIVI5","COMMON PERSIMMON"
"ne",77,"HY","591","ILOP","AMERICAN HOLLY"
"ne",78,"BN","601","JUCI","BUTTERNUT"
"ne",79,"WN","602","JUNI","BLACK WALNUT"
"ne",80,"OO","641","MAPO","OSAGE-ORANGE"
"ne",81,"MG","650","MAGNO","MAGNOLIA"
"ne",82,"MV","653","MAVI2","SWEETBAY"
"ne",83,"AP","660","MALUS","APPLE"
"ne",84,"WT","691","NYAQ2","WATER TUPELO"
"ne",85,"BG","693","NYSY","BLACKGUM"
"ne",86,"SD","711","OXAR","SOURWOOD"
"ne",87,"PW","712","PATO2","PRINCESSTREE"
"ne",88,"SY","731","PLOC","AMERICAN SYCAMORE"
"ne",89,"WL","831","QUPH","WILLOW OAK"
"ne",90,"BK","901","ROPS","BLACK LOCUST"
"ne",91,"BL","922","SANI","BLACK WILLOW"
"ne",92,"SS","931","SAAL5","SASSAFRAS"
"ne",93,"BW","951","TIAM","AMERICAN BASSWOOD"
"ne",94,"WB","952","TIAMH","WHITE BASSWOOD"
"ne",95,"EL","970","ULMUS","ELM"
"ne",96,"AE","972","ULAM","AMERICAN ELM"
"ne",97,"RL","975","ULRU","SLIPPERY ELM"
"ne",98,"OH","998","2TB","OTHER HARDWOOD"
"ne",99,"BE","313","ACNE2","BOXELDER"
"ne",100,"ST","315","ACPE","STRIPED MAPLE"
"ne",101,"AI","341","AIAL","TREE OF HEAVEN"
"ne",102,"SE","356","AMELA","SERVICEBERRY"
"ne",103,"AH","391","CACA18","AMERICAN HORNBEAM"
"ne",104,"DW","491","COFL2","FLOWERING DOGWOOD"
"ne",105,"HT","500","CRATA","HAWTHORN"
"ne",106,"HH","701","OSVI","HOPHORNBEAM"
"ne",107,"PL","760","PRUNU","PLUMS"
"ne",108,"PR","761","PRPE2","PIN CHERRY"
"oc",1,"PC","041","CHLA","PORT ORFORD CEDAR"
"oc",2,"IC","081","CADE27","INCENSE CEDAR"
"oc",3,"RC","242","THPL","WESTERN REDCEDAR"
"oc",4,"GF","017","ABGR","GRAND FIR"
"oc",5,"RF","020","ABMA","CALIFORNIA RED FIR"
"oc",6,"SH","021","ABSH","SHASTA RED FIR"
"oc",7,"DF","202","PSME","DOUGLAS-FIR"
"oc",8,"WH","263","TSHE","WESTERN HEMLOCK"
"oc",9,"MH","264","TSME","MOUNTAIN HEMLOCK"
"oc",10,"WB","101","PIAL","WHITEBARK PINE"
"oc",11,"KP","103","PIAT","KNOBCONE PINE"
"oc",12,"LP","108","PICO","LODGEPOLE PINE"
"oc",13,"CP","109","PICO3","COULTER PINE"
"oc",14,"LM","113","PIFL2","LIMBER PINE"
"oc",15,"JP","116","PIJE","JEFFREY PINE"
"oc",16,"SP","117","PILA","SUGAR PINE"
"oc",17,"WP","119","PIMO3","WESTERN WHITE PINE"
"oc",18,"PP","122","PIPO","PONDEROSA PINE"
"oc",19,"MP","124","PIRA2","MONTEREY PINE"
"oc",20,"GP","127","PISA2","CALIFORNIA FOOTHILL PINE"
"oc",21,"WJ","064","JUOC","WESTERN JUNIPER"
"oc",22,"BR","092","PIBR","BREWER SPRUCE"
"oc",23,"GS","212","SEGI2","GIANT SEQUOIA"
"oc",24,"PY","231","TABR2","PACIFIC YEW"
"oc",25,"OS","299","2TN","OTHER SOFTWOOD"
"oc",26,"LO","801","QUAG","COAST LIVE OAK"
"oc",27,"CY","805","QUCH2","CANYON LIVE OAK"
"oc",28,"BL","807","QUDO","BLUE OAK"
"oc",29,"EO","811","QUEN","ENGELMANN OAK"
"oc",30,"WO","815","QUGA4","OREGON WHITE OAK"
"oc",31,"BO","818","QUKE","CALIFORNIA BLACK OAK"
"oc",32,"VO","821","QULO","VALLEY OAK"
"oc",33,"IO","839","QUWI2","INTERIOR LIVE OAK"
"oc",34,"BM","312","ACMA3","BIGLEAF MAPLE"
"oc",35,"BU","333","AECA","CALIFORNIA BUCKEYE"
"oc",36,"RA","351","ALRU2","RED ALDER"
"oc",37,"MA","361","ARME","PACIFIC MADRONE"
"oc",38,"GC","431","CHCHC4","GIANT CHINQUAPIN"
"oc",39,"DG","492","CONU4","PACIFIC DOGWOOD"
"oc",40,"FL","542","FRLA","OREGON ASH"
"oc",41,"WN","600","JUGLA","WALNUT"
"oc",42,"TO","631","LIDE3","TANOAK"
"oc",43,"SY","730","PLRA","CALIFORNIA SYCAMORE"
"oc",44,"AS","746","POTR5","QUAKING ASPEN"
"oc",45,"CW","747","POBAT","BLACK COTTONWOOD"
"oc",46,"WI","920","SALIX","WILLOW"
"oc",47,"CN","251","TOCA","CALIFORNIA NUTMEG"
"oc",48,"CL","981","UMCA","CALIFORNIA LAUREL"
"oc",49,"OH","998","2TB","OTHER HARDWOOD"
"oc",50,"RW","211","SESE3","REDWOOD"
"op",1,"SF","011","ABAM","PACIFIC SILVER FIR"
"op",2,"WF","015","ABCO","WHITE FIR"
"op",3,"GF","017","ABGR","GRAND FIR"
"op",4,"AF","019","ABLA","SUBALPINE FIR"
"op",5,"RF","020","ABMA","CALIFORNIA RED FIR"
"op",6,"SS","098","PISI","SITKA SPRUCE"
"op",7,"NF","022","ABPR","NOBLE FIR"
"op",8,"YC","042","CANO9","ALASKA CEDAR"
"op",9,"IC","081","CADE27","INCENSE CEDAR"
"op",10,"ES","093","PIEN","ENGELMANN SPRUCE"
"op",11,"LP","108","PICO","LODGEPOLE PINE"
"op",12,"JP","116","PIJE","JEFFREY PINE"
"op",13,"SP","117","PILA","SUGAR PINE"
"op",14,"WP","119","PIMO3","WESTERN WHITE PINE"
"op",15,"PP","122","PIPO","PONDEROSA PINE"
"op",16,"DF","202","PSME","DOUGLAS-FIR"
"op",17,"RW","211","SESE3","REDWOOD"
"op",18,"RC","242","THPL","WESTERN REDCEDAR"
"op",19,"WH","263","TSHE","WESTERN HEMLOCK"
"op",20,"MH","264","TSME","MOUNTAIN HEMLOCK"
"op",21,"BM","312","ACMA3","BIGLEAF MAPLE"
"op",22,"RA","351","ALRU2","RED ALDER"
"op",23,"MA","361","ARME","PACIFIC MADRONE"
"op",24,"TO","631","LIDE3","TANOAK"
"op",25,"GC","431","CHCHC4","GIANT CHINKAPIN"
"op",26,"AS","746","POTR5","QUAKING ASPEN"
"op",27,"CW","747","POBAT","BLACK COTTONWOOD"
"op",28,"WO","815","QUGA4","OREGON WHITE OAK"
"op",29,"WJ","064","JUOC","WESTERN JUNIPER"
"op",30,"LL","072","LALY","SUBALPINE LARCH"
"op",31,"WB","101","PIAL","WHITEBARK PINE"
"op",32,"KP","103","PIAT","KNOBCONE PINE"
"op",33,"PY","231","TABR2","PACIFIC YEW"
"op",34,"DG","492","CONU4","PACIFIC DOGWOOD"
"op",35,"HT","500","CRATA","HAWTHORN"
"op",36,"CH","768","PREM","BITTER CHERRY"
"op",37,"WI","920","SALIX","WILLOW"
"op",38,"","","",NA
"op",39,"OT","999","2TREE","OTHER"
"pn",1,"SF","011","ABAM","PACIFIC SILVER FIR"
"pn",2,"WF","015","ABCO","WHITE FIR"
"pn",3,"GF","017","ABGR","GRAND FIR"
"pn",4,"AF","019","ABLA","SUBALPINE FIR"
"pn",5,"RF","020","ABMA","CALIFORNIA RED FIR"
"pn",6,"SS","098","PISI","SITKA SPRUCE"
"pn",7,"NF","022","ABPR","NOBLE FIR"
"pn",8,"YC","042","CANO9","ALASKA CEDAR"
"pn",9,"IC","081","CADE27","INCENSE CEDAR"
"pn",10,"ES","093","PIEN","ENGELMANN SPRUCE"
"pn",11,"LP","108","PICO","LODGEPOLE PINE"
"pn",12,"JP","116","PIJE","JEFFREY PINE"
"pn",13,"SP","117","PILA","SUGAR PINE"
"pn",14,"WP","119","PIMO3","WESTERN WHITE PINE"
"pn",15,"PP","122","PIPO","PONDEROSA PINE"
"pn",16,"DF","202","PSME","DOUGLAS-FIR"
"pn",17,"RW","211","SESE3","REDWOOD"
"pn",18,"RC","242","THPL","WESTERN REDCEDAR"
"pn",19,"WH","263","TSHE","WESTERN HEMLOCK"
"pn",20,"MH","264","TSME","MOUNTAIN HEMLOCK"
"pn",21,"BM","312","ACMA3","BIGLEAF MAPLE"
"pn",22,"RA","351","ALRU2","RED ALDER"
"pn",23,"WA","352","ALRH2","WHITE ALDER"
"pn",24,"PB","375","BEPA","PAPER BIRCH"
"pn",25,"GC","431","CHCHC4","GIANT CHINQUAPIN"
"pn",26,"AS","746","POTR5","QUAKING ASPEN"
"pn",27,"CW","747","POBAT","BLACK COTTONWOOD"
"pn",28,"WO","815","QUGA4","OREGON WHITE OAK"
"pn",29,"WJ","064","JUOC","WESTERN JUNIPER"
"pn",30,"LL","072","LALY","SUBALPINE LARCH"
"pn",31,"WB","101","PIAL","WHITEBARK PINE"
"pn",32,"KP","103","PIAT","KNOBCONE PINE"
"pn",33,"PY","231","TABR2","PACIFIC YEW"
"pn",34,"DG","492","CONU4","PACIFIC DOGWOOD"
"pn",35,"HT","500","CRATA","HAWTHORN"
"pn",36,"CH","768","PREM","BITTER CHERRY"
"pn",37,"WI","920","SALIX","WILLOW"
"pn",38,"","","",NA
"pn",39,"OT","999","2TREE","OTHER"
"sn",1,"FR","010","ABIES","FIR"
"sn",2,"JU","057","JUNIP","REDCEDAR"
"sn",3,"PI","090","PICEA","SPRUCE"
"sn",4,"PU","107","PICL","SAND PINE"
"sn",5,"SP","110","PIEC2","SHORTLEAF PINE"
"sn",6,"SA","111","PIEL","SLASH PINE"
"sn",7,"SR","115","PIGL2","SPRUCE PINE"
"sn",8,"LL","121","PIPA2","LONGLEAF PINE"
"sn",9,"TM","123","PIPU5","TABLE MOUNTAIN PINE"
"sn",10,"PP","126","PIRI","PITCH PINE"
"sn",11,"PD","128","PISE","POND PINE"
"sn",12,"WP","129","PIST","EASTERN WHITE PINE"
"sn",13,"LP","131","PITA","LOBLOLLY PINE"
"sn",14,"VP","132","PIVI2","VIRGINIA PINE"
"sn",15,"BY","221","TADI2","BALD CYPRESS"
"sn",16,"PC","222","TAAS","POND CYPRESS"
"sn",17,"HM","260","TSUGA","HEMLOCK"
"sn",18,"FM","311","ACBA3","FLORIDA MAPLE"
"sn",19,"BE","313","ACNE2","BOXELDER"
"sn",20,"RM","316","ACRU","RED MAPLE"
"sn",21,"SV","317","ACSA2","SILVER MAPLE"
"sn",22,"SM","318","ACSA3","SUGAR MAPLE"
"sn",23,"BU","330","AESCU","BUCKEYE"
"sn",24,"BB","370","BETUL","BIRCH"
"sn",25,"SB","372","BELE","SWEET BIRCH"
"sn",26,"AH","391","CACA18","AMERICAN HORNBEAM"
"sn",27,"HI","400","CARYA","HYBRID HICKORY"
"sn",28,"CA","450","CATAL","CATALPA"
"sn",29,"HB","460","CELTI","HACKBERRY"
"sn",30,"RD","471","CECA4","EASTERN REDBUD"
"sn",31,"DW","491","COFL2","FLOWERING DOGWOOD"
"sn",32,"PS","521","DIVI5","COMMON PERSIMMON"
"sn",33,"AB","531","FAGR","AMERICAN BEECH"
"sn",34,"AS","540","FRAXI","ASH"
"sn",35,"WA","541","FRAM2","WHITE ASH"
"sn",36,"BA","543","FRNI","BLACK ASH"
"sn",37,"GA","544","FRPE","GREEN ASH"
"sn",38,"HL","552","GLTR","HONEYLOCUST"
"sn",39,"LB","555","GOLA","LOBLOLLY BAY"
"sn",40,"HA","580","HALES","SILVERBELL"
"sn",41,"HY","591","ILOP","AMERICAN HOLLY"
"sn",42,"BN","601","JUCI","BUTTERNUT"
"sn",43,"WN","602","JUNI","BLACK WALNUT"
"sn",44,"SU","611","LIST2","SWEETGUM"
"sn",45,"YP","621","LITU","TULIPTREE"
"sn",46,"MG","650","MAGNO","MAGNOLIA"
"sn",47,"CT","651","MAAC","CUCUMBER TREE"
"sn",48,"MS","652","MAGR4","SOUTHERN MAGNOLIA"
"sn",49,"MV","653","MAVI2","SWEETBAY"
"sn",50,"ML","654","MAMA2","BIGLEAF MAGNOLIA"
"sn",51,"AP","660","MALUS","APPLE"
"sn",52,"MB","680","MORUS","MULBERRY"
"sn",53,"WT","691","NYAQ2","WATER TUPELO"
"sn",54,"BG","693","NYSY","BLACKGUM"
"sn",55,"TS","694","NYBI","SWAMP TUPELO"
"sn",56,"HH","701","OSVI","HOPHORNBEAM"
"sn",57,"SD","711","OXAR","SOURWOOD"
"sn",58,"RA","721","PEBO","REDBAY"
"sn",59,"SY","731","PLOC","AMERICAN SYCAMORE"
"sn",60,"CW","740","POPUL","COTTONWOOD"
"sn",61,"BT","743","POGR4","BIGTOOTH ASPEN"
"sn",62,"BC","762","PRSE2","BLACK CHERRY"
"sn",63,"WO","802","QUAL","WHITE OAK"
"sn",64,"SO","806","QUCO2","SCARLET OAK"
"sn",65,"SK","812","QUFA","SOUTHERN RED OAK"
"sn",66,"CB","813","QUPA5","CHERRYBARK OAK"
"sn",67,"TO","819","QULA2","TURKEY OAK"
"sn",68,"LK","820","QULA3","LAUREL OAK"
"sn",69,"OV","822","QULY","OVERCUP OAK"
"sn",70,"BJ","824","QUMA3","BLACKJACK OAK"
"sn",71,"SN","825","QUMI","SWAMP CHESTNUT OAK"
"sn",72,"CK","826","QUMU","CHINKAPIN OAK"
"sn",73,"WK","827","QUNI","WATER OAK"
"sn",74,"CO","832","QUPR2","CHESTNUT OAK"
"sn",75,"RO","833","QURU","NORTHERN RED OAK"
"sn",76,"QS","834","QUSH","SHUMARD OAK"
"sn",77,"PO","835","QUST","POST OAK"
"sn",78,"BO","837","QUVE","BLACK OAK"
"sn",79,"LO","838","QUVI","LIVE OAK"
"sn",80,"BK","901","ROPS","BLACK LOCUST"
"sn",81,"WI","920","SALIX","WILLOW"
"sn",82,"SS","931","SAAL5","SASSAFRAS"
"sn",83,"BD","950","TILIA","BASSWOOD"
"sn",84,"EL","970","ULMUS","ELM"
"sn",85,"WE","971","ULAL","WINGED ELM"
"sn",86,"AE","972","ULAM","AMERICAN ELM"
"sn",87,"RL","975","ULRU","SLIPPERY ELM"
"sn",88,"OS","299","2TN","OTHER SOFTWOOD"
"sn",89,"OH","998","2TB","OTHER HARDWOOD"
"sn",90,"OT","999","2TREE","OTHER SPECIES"
"so",1,"WP","119","PIMO3","WESTERN WHITE PINE"
"so",2,"SP","117","PILA","SUGAR PINE"
"so",3,"DF","202","PSME","DOUGLAS-FIR"
"so",4,"WF","015","ABCO","WHITE FIR"
"so",5,"MH","264","TSME","MOUNTAIN HEMLOCK"
"so",6,"IC","081","CADE27","INCENSE CEDAR"
"so",7,"LP","108","PICO","LODGEPOLE PINE"
"so",8,"ES","093","PIEN","ENGELMANN SPRUCE"
"so",9,"SH","021","ABSH","SHASTA RED FIR"
"so",10,"PP","122","PIPO","PONDEROSA PINE"
"so",11,"WJ","064","JUOC","WESTERN JUNIPER"
"so",12,"GF","017","ABGR","GRAND FIR"
"so",13,"AF","019","ABLA","SUBALPINE FIR"
"so",14,"SF","011","ABAM","PACIFIC SILVER FIR"
"so",15,"NF","022","ABPR","NOBLE FIR"
"so",16,"WB","101","PIAL","WHITEBARK PINE"
"so",17,"WL","073","LAOC","WESTERN LARCH"
"so",18,"RC","242","THPL","WESTERN REDCEDAR"
"so",19,"WH","263","TSHE","WESTERN HEMLOCK"
"so",20,"PY","231","TABR2","PACIFIC YEW"
"so",21,"WA","352","ALRH2","WHITE ALDER"
"so",22,"RA","351","ALRU2","RED ALDER"
"so",23,"BM","312","ACMA3","BIGLEAF MAPLE"
"so",24,"AS","746","POTR5","QUAKING ASPEN"
"so",25,"CW","747","POBAT","BLACK COTTONWOOD"
"so",26,"CH","768","PREM","BITTER CHERRY"
"so",27,"WO","815","QUGA4","OREGON WHITE OAK"
"so",28,"WI","920","SALIX","WILLOW"
"so",29,"GC","431","CHCHC4","GIANT CHINQUAPIN"
"so",30,"MC","475","CELE3","CURL-LEAF MOUNTAIN MAHOGANY"
"so",31,"MB","478","CEMOG","BIRCHLEAF MOUNTAIN MAHOGANY"
"so",32,"OS","299","2TN",NA
"so",33,"OH","998","2TB","OTHER HARDWOOD"
"tt",1,"WB","101","PIAL",NA
"tt",2,"LM","113","PIFL2",NA
"tt",3,"DF","202","PSME",NA
"tt",4,"PM","133","PIMO",NA
"tt",5,"BS","096","PIPU",NA
"tt",6,"AS","746","POTR5",NA
"tt",7,"LP","108","PICO",NA
"tt",8,"ES","093","PIEN",NA
"tt",9,"AF","019","ABLA",NA
"tt",10,"PP","122","PIPO",NA
"tt",11,"UJ","065","JUOS",NA
"tt",12,"RM","066","JUSC2",NA
"tt",13,"BI","322","ACGR3",NA
"tt",14,"MM","321","ACGL",NA
"tt",15,"NC","749","POAN3",NA
"tt",16,"MC","475","CELE3",NA
"tt",17,"OS","299","2TN",NA
"tt",18,"OH","998","2TB",NA
"ut",1,"WB","101","PIAL",NA
"ut",2,"LM","113","PIFL2",NA
"ut",3,"DF","202","PSME",NA
"ut",4,"WF","015","ABCO",NA
"ut",5,"BS","096","PIPU",NA
"ut",6,"AS","746","POTR5",NA
"ut",7,"LP","108","PICO",NA
"ut",8,"ES","093","PIEN",NA
"ut",9,"AF","019","ABLA",NA
"ut",10,"PP","122","PIPO",NA
"ut",11,"PI","106","PIED",NA
"ut",12,"WJ","064","JUOC",NA
"ut",13,"GO","814","QUGA",NA
"ut",14,"PM","133","PIMO",NA
"ut",15,"RM","066","JUSC2",NA
"ut",16,"UJ","065","JUOS",NA
"ut",17,"GB","142","PILO",NA
"ut",18,"NC","749","POAN3",NA
"ut",19,"FC","748","POFR2",NA
"ut",20,"MC","475","CELE3",NA
"ut",21,"BI","322","ACGR3",NA
"ut",22,"BE","313","ACNE2",NA
"ut",23,"OS","299","2TN",NA
"ut",24,"OH","998","2TB",NA
"wc",1,"SF","011","ABAM","PACIFIC SILVER FIR"
"wc",2,"WF","015","ABCO","WHITE FIR"
"wc",3,"GF","017","ABGR","GRAND FIR"
"wc",4,"AF","019","ABLA","SUBALPINE FIR"
"wc",5,"RF","020","ABMA","CALIFORNIA RED FIR"
"wc",6,"","","",NA
"wc",7,"NF","022","ABPR","NOBLE FIR"
"wc",8,"YC","042","CANO9","ALASKA CEDAR"
"wc",9,"IC","081","CADE27","INCENSE CEDAR"
"wc",10,"ES","093","PIEN","ENGELMANN SPRUCE"
"wc",11,"LP","108","PICO","LODGEPOLE PINE"
"wc",12,"JP","116","PIJE","JEFFREY PINE"
"wc",13,"SP","117","PILA","SUGAR PINE"
"wc",14,"WP","119","PIMO3","WESTERN WHITE PINE"
"wc",15,"PP","122","PIPO","PONDEROSA PINE"
"wc",16,"DF","202","PSME","DOUGLAS-FIR"
"wc",17,"RW","211","SESE3","REDWOOD"
"wc",18,"RC","242","THPL","WESTERN REDCEDAR"
"wc",19,"WH","263","TSHE","WESTERN HEMLOCK"
"wc",20,"MH","264","TSME","MOUNTAIN HEMLOCK"
"wc",21,"BM","312","ACMA3","BIGLEAF MAPLE"
"wc",22,"RA","351","ALRU2","RED ALDER"
"wc",23,"WA","352","ALRH2","WHITE ALDER"
"wc",24,"PB","375","BEPA","PAPER BIRCH"
"wc",25,"GC","431","CHCHC4","GIANT CHINQUAPIN"
"wc",26,"AS","746","POTR5","QUAKING ASPEN"
"wc",27,"CW","747","POBAT","BLACK COTTONWOOD"
"wc",28,"WO","815","QUGA4","OREGON WHITE OAK"
"wc",29,"WJ","064","JUOC","WESTERN JUNIPER"
"wc",30,"LL","072","LALY","SUBALPINE LARCH"
"wc",31,"WB","101","PIAL","WHITEBARK PINE"
"wc",32,"KP","103","PIAT","KNOBCONE PINE"
"wc",33,"PY","231","TABR2","PACIFIC YEW"
"wc",34,"DG","492","CONU4","PACIFIC DOGWOOD"
"wc",35,"HT","500","CRATA","HAWTHORN"
"wc",36,"CH","768","PREM","BITTER CHERRY"
"wc",37,"WI","920","SALIX","WILLOW"
"wc",38,"","","",NA
"wc",39,"OT","999","2TREE","OTHER"
"ws",1,"SP","117","PILA","SUGAR PINE"
"ws",2,"DF","202","PSME","DOUGLAS-FIR"
"ws",3,"WF","015","ABCO","WHITE FIR"
"ws",4,"GS","212","SEGI2","GIANT SEQUOIA"
"ws",5,"IC","081","CADE27","INCENSE CEDAR"
"ws",6,"JP","116","PIJE","JEFFREY PINE"
"ws",7,"RF","020","ABMA","CALIFORNIA RED FIR"
"ws",8,"PP","122","PIPO","PONDEROSA PINE"
"ws",9,"LP","108","PICO","LODGEPOLE PINE"
"ws",10,"WB","101","PIAL","WHITEBARK PINE"
"ws",11,"WP","119","PIMO3","WESTERN WHITE PINE"
"ws",12,"PM","133","PIMO","SINGLELEAF PINYON"
"ws",13,"SF","011","ABAM","PACIFIC SILVER FIR"
"ws",14,"KP","103","PIAT","KNOBCONE PINE"
"ws",15,"FP","104","PIBA","FOXTAIL PINE"
"ws",16,"CP","109","PICO3","COULTER PINE"
"ws",17,"LM","113","PIFL2","LIMBER PINE"
"ws",18,"MP","124","PIRA2","MONTEREY PINE"
"ws",19,"GP","127","PISA2","CALIFORNIA FOOTHILL PINE"
"ws",20,"WE","137","PIWA","WASHOE PINE"
"ws",21,"GB","142","PILO","GREAT BASIN BRISTLECONE PINE"
"ws",22,"BD","201","PSMA","BIGCONE DOUGLAS-FIR"
"ws",23,"RW","211","SESE3","REDWOOD"
"ws",24,"MH","264","TSME","MOUNTAIN HEMLOCK"
"ws",25,"WJ","064","JUOC","WESTERN JUNIPER"
"ws",26,"UJ","065","JUOS","UTAH JUNIPER"
"ws",27,"CJ","062","JUCA7","CALIFORNIA JUNIPER"
"ws",28,"LO","801","QUAG","CALIFORNIA LIVE OAK"
"ws",29,"CY","805","QUCH2","CANYON LIVE OAK"
"ws",30,"BL","807","QUDO","BLUE OAK"
"ws",31,"BO","818","QUKE","CALIFORNIA BLACK OAK"
"ws",32,"VO","821","QULO","VALLEY OAK"
"ws",33,"IO","839","QUWI2","INTERIOR LIVE OAK"
"ws",34,"TO","631","LIDE3","TANOAK"
"ws",35,"GC","431","CHCHC4","GIANT CHINQUAPIN"
"ws",36,"AS","746","POTR5","QUAKING ASPEN"
"ws",37,"CL","981","UMCA","CALIFORNIA-LAUREL"
"ws",38,"MA","361","ARME","PACIFIC MADRONE"
"ws",39,"DG","492","CONU4","PACIFIC DOGWOOD"
"ws",40,"BM","312","ACMA3","BIGLEAF MAPLE"
"ws",41,"MC","475","CELE3","CURL-LEAF MOUNTAIN MAHOGANY"
"ws",42,"OS","299","2TN","OTHER SOFTWOOD"
"ws",43,"OH","998","2TB","OTHER HARDWOOD"
